model_name,model_group,total_responses,correct_responses,accuracy,accuracy_pct
codellama:7b,RLHF,350,85,0.24285714285714285,24.285714285714285
gemma2:2b,non-RLHF,350,88,0.25142857142857145,25.142857142857146
llama3.1:8b,RLHF,700,209,0.2985714285714286,29.85714285714286
llama3.2:3b,RLHF,350,116,0.3314285714285714,33.14285714285714
mistral:7b-instruct,non-RLHF,350,105,0.3,30.0
mistral:v0.1,non-RLHF,350,83,0.23714285714285716,23.714285714285715
neural-chat:7b-v3.3,non-RLHF,350,91,0.26,26.0
