rlhf_mean,rlhf_std,rlhf_n,non_rlhf_mean,non_rlhf_std,non_rlhf_n,t_statistic,p_value,cohens_d
0.29095238095238096,0.04477456761111048,3,0.2621428571428571,0.026941609828220244,4,0.9883233145995639,0.39409622495077784,0.7796883786356189
